{
  "project_info": {
    "project_number": "1098989646583",
    "project_id": "examenfinalprogramacion-98447",
    "storage_bucket": "examenfinalprogramacion-98447.firebasestorage.app"
  },
  "client": [
    {
      "client_info": {
        "mobilesdk_app_id": "1:1098989646583:android:9c060f85e2f675c71cd9f2",
        "android_client_info": {
          "package_name": "com.example.rentavirtualpeliculas"
        }
      },
      "oauth_client": [],
      "api_key": [
        {
          "current_key": "AIzaSyBi5unF-FwaYnfDFJjTqQ1OBmr2iCP4jCc"
        }
      ],
      "services": {
        "appinvite_service": {
          "other_platform_oauth_client": []
        }
      }
    }
  ],
  "configuration_version": "1"
}