{
  "project_info": {
    "project_number": "1020614965668",
    "project_id": "examenfinalprogramacion",
    "storage_bucket": "examenfinalprogramacion.firebasestorage.app"
  },
  "client": [
    {
      "client_info": {
        "mobilesdk_app_id": "1:1020614965668:android:bc525bb7a80cbb3d862931",
        "android_client_info": {
          "package_name": "com.example.examenfinalprogramacion"
        }
      },
      "oauth_client": [],
      "api_key": [
        {
          "current_key": "AIzaSyD4iccd9Uoo9tZMGYJ7G5hoS_lu7smSzsw"
        }
      ],
      "services": {
        "appinvite_service": {
          "other_platform_oauth_client": []
        }
      }
    }
  ],
  "configuration_version": "1"
}